"year","fips","pop2020","pop2025","state","stateCode","growthSince2020","name","county","slug","areaMi","densityMi","rank"
2025,48201,4734792,4942701,"Texas","TX",0.04391090463952807,"Harris County","Harris County","texas/harris-county",1707,2895.5483304042177,1
2025,48113,2610112,2615088,"Texas","TX",0.0019064316014025806,"Dallas County","Dallas County","texas/dallas-county",873,2995.5189003436426,2
2025,48439,2115840,2237549,"Texas","TX",0.057522780550514296,"Tarrant County","Tarrant County","texas/tarrant-county",865,2586.7618497109825,3
2025,48029,2015501,2142655,"Texas","TX",0.06308803617562075,"Bexar County","Bexar County","texas/bexar-county",1240,1727.9475806451612,4
2025,48453,1296613,1349783,"Texas","TX",0.041006838586378436,"Travis County","Travis County","texas/travis-county",994,1357.9305835010061,5
2025,48085,1075736,1268087,"Texas","TX",0.17880874117813295,"Collin County","Collin County","texas/collin-county",841,1507.832342449465,6
2025,48121,914398,1067589,"Texas","TX",0.16753208121627572,"Denton County","Denton County","texas/denton-county",879,1214.5494880546075,7
2025,48157,829109,972496,"Texas","TX",0.17294107288667715,"Fort Bend County","Fort Bend County","texas/fort-bend-county",862,1128.185614849188,8
2025,48215,872856,918841,"Texas","TX",0.05268337503551557,"Hidalgo County","Hidalgo County","texas/hidalgo-county",1571,584.8765117759389,9
2025,48141,866606,875162,"Texas","TX",0.00987299880222392,"El Paso County","El Paso County","texas/el-paso-county",1013,863.9308983218164,10
2025,48339,625291,774954,"Texas","TX",0.2393493589384783,"Montgomery County","Montgomery County","texas/montgomery-county",1042,743.7178502879078,11
2025,48491,615552,747027,"Texas","TX",0.21358877885215222,"Williamson County","Williamson County","texas/williamson-county",1116,669.3790322580645,12
2025,48061,421480,430308,"Texas","TX",0.020945240580810376,"Cameron County","Cameron County","texas/cameron-county",892,482.4080717488789,13
2025,48039,373493,420346,"Texas","TX",0.1254454568090968,"Brazoria County","Brazoria County","texas/brazoria-county",1363,308.39765223771093,14
2025,48027,372258,404671,"Texas","TX",0.08707133224806451,"Bell County","Bell County","texas/bell-county",1054,383.938330170778,15
2025,48167,351590,370458,"Texas","TX",0.0536647799994312,"Galveston County","Galveston County","texas/galveston-county",379,977.4617414248021,16
2025,48355,353398,353687,"Texas","TX",0.0008177748600728396,"Nueces County","Nueces County","texas/nueces-county",839,421.5578069129917,17
2025,48303,311578,327298,"Texas","TX",0.05045285610665706,"Lubbock County","Lubbock County","texas/lubbock-county",896,365.28794642857144,18
2025,48209,243968,303252,"Texas","TX",0.24299908184679953,"Hays County","Hays County","texas/hays-county",677,447.9350073855244,19
2025,48309,261193,273425,"Texas","TX",0.046831270363294486,"McLennan County","McLennan County","texas/mclennan-county",1037,263.6692381870781,20
2025,48479,267363,272206,"Texas","TX",0.018113949948197705,"Webb County","Webb County","texas/webb-county",3361,80.98958643260934,21
2025,48423,234199,251637,"Texas","TX",0.0744580463622817,"Smith County","Smith County","texas/smith-county",921,273.2214983713355,22
2025,48245,256133,251286,"Texas","TX",-0.018923762264136168,"Jefferson County","Jefferson County","texas/jefferson-county",877,286.5290763968073,23
2025,48041,234505,250247,"Texas","TX",0.06712863265175573,"Brazos County","Brazos County","texas/brazos-county",586,427.04266211604096,24
2025,48139,194317,243841,"Texas","TX",0.254861900914485,"Ellis County","Ellis County","texas/ellis-county",936,260.5138888888889,25
2025,48251,180964,217726,"Texas","TX",0.20314537698105695,"Johnson County","Johnson County","texas/johnson-county",725,300.31172413793104,26
2025,48091,163659,212286,"Texas","TX",0.29712389786079596,"Comal County","Comal County","texas/comal-county",560,379.08214285714286,27
2025,48257,147140,211848,"Texas","TX",0.43977164605137964,"Kaufman County","Kaufman County","texas/kaufman-county",781,271.25224071702945,28
2025,48187,173697,199958,"Texas","TX",0.15118856399362102,"Guadalupe County","Guadalupe County","texas/guadalupe-county",711,281.2348804500703,29
2025,48367,149552,188606,"Texas","TX",0.2611399379480046,"Parker County","Parker County","texas/parker-county",904,208.6349557522124,30
2025,48329,170362,187286,"Texas","TX",0.09934140242542355,"Midland County","Midland County","texas/midland-county",900,208.09555555555556,31
2025,48135,165490,171368,"Texas","TX",0.035518762462988684,"Ector County","Ector County","texas/ector-county",898,190.83296213808464,32
2025,48181,136099,154325,"Texas","TX",0.13391722202220446,"Grayson County","Grayson County","texas/grayson-county",933,165.40728831725616,33
2025,48381,141347,152277,"Texas","TX",0.07732742824396688,"Randall County","Randall County","texas/randall-county",913,166.78751369112814,34
2025,48441,143454,150214,"Texas","TX",0.0471231196062849,"Taylor County","Taylor County","texas/taylor-county",916,163.9890829694323,35
2025,48397,109158,147237,"Texas","TX",0.34884296157862904,"Rockwall County","Rockwall County","texas/rockwall-county",127,1159.3464566929133,36
2025,48485,129620,130100,"Texas","TX",0.003703132232680151,"Wichita County","Wichita County","texas/wichita-county",628,207.1656050955414,37
2025,48183,124251,127611,"Texas","TX",0.027042035878986903,"Gregg County","Gregg County","texas/gregg-county",273,467.43956043956047,38
2025,48231,100254,123165,"Texas","TX",0.2285295349811478,"Hunt County","Hunt County","texas/hunt-county",840,146.625,39
2025,48291,92479,119892,"Texas","TX",0.29642405302825514,"Liberty County","Liberty County","texas/liberty-county",1158,103.53367875647669,40
2025,48021,98057,119544,"Texas","TX",0.21912765024424563,"Bastrop County","Bastrop County","texas/bastrop-county",888,134.6216216216216,41
2025,48451,120195,119345,"Texas","TX",-0.007071841590748362,"Tom Green County","Tom Green County","texas/tom-green-county",1522,78.41327201051249,42
2025,48375,118275,114119,"Texas","TX",-0.03513844853096593,"Potter County","Potter County","texas/potter-county",908,125.681718061674,43
2025,48469,91311,92844,"Texas","TX",0.01678877681768909,"Victoria County","Victoria County","texas/victoria-county",882,105.26530612244898,44
2025,48037,92923,91637,"Texas","TX",-0.013839415429979685,"Bowie County","Bowie County","texas/bowie-county",885,103.54463276836158,45
2025,48213,82403,89494,"Texas","TX",0.08605269225634982,"Henderson County","Henderson County","texas/henderson-county",874,102.39588100686498,46
2025,48005,86388,87709,"Texas","TX",0.015291475667916776,"Angelina County","Angelina County","texas/angelina-county",798,109.91102756892231,47
2025,48361,84754,87070,"Texas","TX",0.02732614389881305,"Orange County","Orange County","texas/orange-county",334,260.688622754491,48
2025,48099,83130,86224,"Texas","TX",0.037218813905930404,"Coryell County","Coryell County","texas/coryell-county",1052,81.96197718631178,49
2025,48497,68947,84497,"Texas","TX",0.22553555629686572,"Wise County","Wise County","texas/wise-county",904,93.47013274336283,50
2025,48471,76553,84448,"Texas","TX",0.1031311640301491,"Walker County","Walker County","texas/walker-county",784,107.71428571428571,51
2025,48203,68801,72609,"Texas","TX",0.05534803273208233,"Harrison County","Harrison County","texas/harrison-county",900,80.67666666666666,52
2025,48409,68841,71806,"Texas","TX",0.04307026336049735,"San Patricio County","San Patricio County","texas/san-patricio-county",693,103.61616161616162,53
2025,48221,62057,70534,"Texas","TX",0.13660022237620262,"Hood County","Hood County","texas/hood-county",421,167.53919239904988,54
2025,48473,57285,66955,"Texas","TX",0.16880509732041538,"Waller County","Waller County","texas/waller-county",513,130.5165692007797,55
2025,48427,65867,66496,"Texas","TX",0.009549546814034304,"Starr County","Starr County","texas/starr-county",1223,54.371218315617334,56
2025,48467,59758,66224,"Texas","TX",0.10820308577930993,"Van Zandt County","Van Zandt County","texas/van-zandt-county",843,78.55753262158956,57
2025,48347,64616,66137,"Texas","TX",0.02353906153274732,"Nacogdoches County","Nacogdoches County","texas/nacogdoches-county",946,69.91226215644821,58
2025,48199,56350,59103,"Texas","TX",0.048855368234250296,"Hardin County","Hardin County","texas/hardin-county",891,66.33333333333333,59
2025,48071,47019,59010,"Texas","TX",0.25502456453774003,"Chambers County","Chambers County","texas/chambers-county",597,98.84422110552764,60
2025,48001,57930,58754,"Texas","TX",0.014224063524943986,"Anderson County","Anderson County","texas/anderson-county",1063,55.27187206020696,61
2025,48323,57875,58030,"Texas","TX",0.002678185745140338,"Maverick County","Maverick County","texas/maverick-county",1279,45.37138389366693,62
2025,48349,52838,57531,"Texas","TX",0.08881865324198501,"Navarro County","Navarro County","texas/navarro-county",1010,56.96138613861386,63
2025,48325,50952,57077,"Texas","TX",0.12021117914900303,"Medina County","Medina County","texas/medina-county",1325,43.076981132075474,64
2025,48493,50052,57041,"Texas","TX",0.13963477982897787,"Wilson County","Wilson County","texas/wilson-county",804,70.94651741293532,65
2025,48053,49483,56839,"Texas","TX",0.14865711456459785,"Burnet County","Burnet County","texas/burnet-county",995,57.12462311557789,66
2025,48373,50503,56046,"Texas","TX",0.10975585608775718,"Polk County","Polk County","texas/polk-county",1057,53.0236518448439,67
2025,48401,52252,54189,"Texas","TX",0.03707035137411019,"Rusk County","Rusk County","texas/rusk-county",924,58.646103896103895,68
2025,48265,52693,54177,"Texas","TX",0.028163133623061887,"Kerr County","Kerr County","texas/kerr-county",1103,49.11786038077969,69
2025,48013,49128,53880,"Texas","TX",0.09672691744015638,"Atascosa County","Atascosa County","texas/atascosa-county",1220,44.16393442622951,70
2025,48055,45945,53879,"Texas","TX",0.17268473174447707,"Caldwell County","Caldwell County","texas/caldwell-county",545,98.8605504587156,71
2025,48073,50493,53787,"Texas","TX",0.06523676549224655,"Cherokee County","Cherokee County","texas/cherokee-county",1053,51.07977207977208,72
2025,48259,44539,53573,"Texas","TX",0.20283347178876943,"Kendall County","Kendall County","texas/kendall-county",662,80.92598187311178,73
2025,48277,50131,52351,"Texas","TX",0.04428397598292477,"Lamar County","Lamar County","texas/lamar-county",907,57.718853362734286,74
2025,48499,45037,49903,"Texas","TX",0.10804449674711902,"Wood County","Wood County","texas/wood-county",645,77.36899224806201,75
2025,48465,47605,47926,"Texas","TX",0.006742989181808712,"Val Verde County","Val Verde County","texas/val-verde-county",3145,15.23879173290938,76
2025,48097,41748,45250,"Texas","TX",0.0838842579285235,"Cooke County","Cooke County","texas/cooke-county",875,51.714285714285715,77
2025,48459,41046,44935,"Texas","TX",0.09474735662427514,"Upshur County","Upshur County","texas/upshur-county",583,77.0754716981132,78
2025,48143,42719,44911,"Texas","TX",0.05131206254828058,"Erath County","Erath County","texas/erath-county",1083,41.469067405355496,79
2025,48481,41564,41737,"Texas","TX",0.004162255798286996,"Wharton County","Wharton County","texas/wharton-county",1086,38.43186003683241,80
2025,48217,35964,39771,"Texas","TX",0.10585585585585577,"Hill County","Hill County","texas/hill-county",959,41.471324296141816,81
2025,48049,38043,39241,"Texas","TX",0.03149068159714008,"Brown County","Brown County","texas/brown-county",944,41.56885593220339,82
2025,48223,36827,38930,"Texas","TX",0.05710484155646678,"Hopkins County","Hopkins County","texas/hopkins-county",767,50.75619295958279,83
2025,48147,35801,38563,"Texas","TX",0.07714868299768174,"Fannin County","Fannin County","texas/fannin-county",891,43.280583613916946,84
2025,48249,38879,38528,"Texas","TX",-0.009028009979680562,"Jim Wells County","Jim Wells County","texas/jim-wells-county",865,44.541040462427745,85
2025,48477,35804,38285,"Texas","TX",0.06929393363869951,"Washington County","Washington County","texas/washington-county",604,63.38576158940398,86
2025,48321,36287,36833,"Texas","TX",0.015046710943313002,"Matagorda County","Matagorda County","texas/matagorda-county",1093,33.698993595608414,87
2025,48185,29440,34812,"Texas","TX",0.18247282608695659,"Grimes County","Grimes County","texas/grimes-county",787,44.23379923761118,88
2025,48241,32919,33092,"Texas","TX",0.0052553236732586495,"Jasper County","Jasper County","texas/jasper-county",939,35.24174653887114,89
2025,48015,30132,32891,"Texas","TX",0.09156378600823056,"Austin County","Austin County","texas/austin-county",646,50.914860681114554,90
2025,48449,31291,31597,"Texas","TX",0.00977916972931503,"Titus County","Titus County","texas/titus-county",406,77.82512315270937,91
2025,48189,32465,31351,"Texas","TX",-0.03431387648236561,"Hale County","Hale County","texas/hale-county",1005,31.19502487562189,92
2025,48363,28452,30597,"Texas","TX",0.07539013074652035,"Palo Pinto County","Palo Pinto County","texas/palo-pinto-county",953,32.10598111227702,93
2025,48025,31038,30566,"Texas","TX",-0.015207165410142442,"Bee County","Bee County","texas/bee-county",880,34.73409090909091,94
2025,48227,34816,30198,"Texas","TX",-0.13264016544117652,"Howard County","Howard County","texas/howard-county",901,33.516093229744726,95
2025,48407,27533,30128,"Texas","TX",0.09425053572077147,"San Jacinto County","San Jacinto County","texas/san-jacinto-county",569,52.94903339191564,96
2025,48273,30986,29455,"Texas","TX",-0.049409410701607204,"Kleberg County","Kleberg County","texas/kleberg-county",881,33.433598183881955,97
2025,48067,28442,28901,"Texas","TX",0.016138105618451526,"Cass County","Cass County","texas/cass-county",937,30.844183564567768,98
2025,48171,26748,28197,"Texas","TX",0.05417227456258411,"Gillespie County","Gillespie County","texas/gillespie-county",1058,26.65122873345936,99
2025,48331,24774,26609,"Texas","TX",0.07406958908533134,"Milam County","Milam County","texas/milam-county",1016,26.18996062992126,100
2025,48149,24471,26554,"Texas","TX",0.08512116382657031,"Fayette County","Fayette County","texas/fayette-county",950,27.95157894736842,101
2025,48007,23932,26196,"Texas","TX",0.09460137054989137,"Aransas County","Aransas County","texas/aransas-county",252,103.95238095238095,102
2025,48463,24571,25100,"Texas","TX",0.021529445281022408,"Uvalde County","Uvalde County","texas/uvalde-county",1552,16.172680412371133,103
2025,48419,23924,24415,"Texas","TX",0.020523323858886444,"Shelby County","Shelby County","texas/shelby-county",796,30.67211055276382,104
2025,48281,21705,24206,"Texas","TX",0.1152269062428013,"Lampasas County","Lampasas County","texas/lampasas-county",713,33.94950911640954,105
2025,48019,20998,23671,"Texas","TX",0.1272978378893228,"Bandera County","Bandera County","texas/bandera-county",791,29.925410872313527,106
2025,48299,21290,23379,"Texas","TX",0.0981211836542979,"Llano County","Llano County","texas/llano-county",934,25.031049250535332,107
2025,48165,21699,23289,"Texas","TX",0.07327526614129676,"Gaines County","Gaines County","texas/gaines-county",1502,15.505326231691079,108
2025,48365,22499,23030,"Texas","TX",0.023601048935508295,"Panola County","Panola County","texas/panola-county",811,28.39704069050555,109
2025,48337,19999,22636,"Texas","TX",0.13185659282964157,"Montague County","Montague County","texas/montague-county",931,24.31364124597207,110
2025,48293,22144,22422,"Texas","TX",0.012554190751445038,"Limestone County","Limestone County","texas/limestone-county",905,24.775690607734806,111
2025,48225,22062,22312,"Texas","TX",0.011331701568307428,"Houston County","Houston County","texas/houston-county",1231,18.1251015434606,112
2025,48219,21504,21824,"Texas","TX",0.014880952380952328,"Hockley County","Hockley County","texas/hockley-county",908,24.035242290748897,113
2025,48089,20563,21687,"Texas","TX",0.05466128483197985,"Colorado County","Colorado County","texas/colorado-county",960,22.590625,114
2025,48341,21264,21382,"Texas","TX",0.005549285176824625,"Moore County","Moore County","texas/moore-county",900,23.75777777777778,115
2025,48161,19440,21259,"Texas","TX",0.09356995884773656,"Freestone County","Freestone County","texas/freestone-county",878,24.212984054669704,116
2025,48051,17682,21045,"Texas","TX",0.19019341703427206,"Burleson County","Burleson County","texas/burleson-county",659,31.93474962063733,117
2025,48179,21199,20788,"Texas","TX",-0.019387706967309737,"Gray County","Gray County","texas/gray-county",926,22.449244060475163,118
2025,48253,19682,20601,"Texas","TX",0.04669240930799723,"Jones County","Jones County","texas/jones-county",929,22.17545748116254,119
2025,48285,20354,20407,"Texas","TX",0.002603910779207963,"Lavaca County","Lavaca County","texas/lavaca-county",970,21.03814432989691,120
2025,48457,19810,20324,"Texas","TX",0.025946491670873373,"Tyler County","Tyler County","texas/tyler-county",924,21.995670995670995,121
2025,48123,19833,20279,"Texas","TX",0.02248777290374626,"DeWitt County","DeWitt County","texas/dewitt-county",909,22.30913091309131,122
2025,48177,19681,20158,"Texas","TX",0.02423657334485041,"Gonzales County","Gonzales County","texas/gonzales-county",1067,18.892221180880973,123
2025,48057,20064,19724,"Texas","TX",-0.01694577352472093,"Calhoun County","Calhoun County","texas/calhoun-county",507,38.90335305719921,124
2025,48233,20569,19655,"Texas","TX",-0.04443580144878212,"Hutchinson County","Hutchinson County","texas/hutchinson-county",887,22.158962795941374,125
2025,48489,20148,19603,"Texas","TX",-0.02704983124875915,"Willacy County","Willacy County","texas/willacy-county",591,33.169204737732656,126
2025,48035,18252,19574,"Texas","TX",0.0724304185842648,"Bosque County","Bosque County","texas/bosque-county",983,19.912512716174973,127
2025,48003,18612,19344,"Texas","TX",0.03932946486137978,"Andrews County","Andrews County","texas/andrews-county",1501,12.887408394403732,128
2025,48287,17506,18778,"Texas","TX",0.0726608020107391,"Lee County","Lee County","texas/lee-county",629,29.853736089030207,129
2025,48163,18412,18529,"Texas","TX",0.006354551379535112,"Frio County","Frio County","texas/frio-county",1134,16.339506172839506,130
2025,48503,17849,18348,"Texas","TX",0.027956748277214505,"Young County","Young County","texas/young-county",914,20.074398249452955,131
2025,48133,17766,18325,"Texas","TX",0.031464595294382613,"Eastland County","Eastland County","texas/eastland-county",927,19.7680690399137,132
2025,48117,18526,18243,"Texas","TX",-0.015275828565259664,"Deaf Smith County","Deaf Smith County","texas/deaf-smith-county",1497,12.186372745490981,133
2025,48145,16960,17946,"Texas","TX",0.05813679245283021,"Falls County","Falls County","texas/falls-county",765,23.458823529411763,134
2025,48395,16766,17541,"Texas","TX",0.046224501968269216,"Robertson County","Robertson County","texas/robertson-county",855,20.51578947368421,135
2025,48289,15732,17174,"Texas","TX",0.09166031019577936,"Leon County","Leon County","texas/leon-county",1073,16.005591798695246,136
2025,48415,16942,16098,"Texas","TX",-0.04981702278361466,"Scurry County","Scurry County","texas/scurry-county",905,17.787845303867403,137
2025,48239,14997,15297,"Texas","TX",0.02000400080016007,"Jackson County","Jackson County","texas/jackson-county",829,18.452352231604344,138
2025,48255,14760,15164,"Texas","TX",0.027371273712737176,"Karnes County","Karnes County","texas/karnes-county",748,20.272727272727273,139
2025,48455,13634,14698,"Texas","TX",0.07804019363356307,"Trinity County","Trinity County","texas/trinity-county",694,21.178674351585013,140
2025,48059,13747,14628,"Texas","TX",0.06408670982759879,"Callahan County","Callahan County","texas/callahan-county",899,16.271412680756395,141
2025,48371,15187,14447,"Texas","TX",-0.04872588397971944,"Pecos County","Pecos County","texas/pecos-county",4764,3.0325356842989084,142
2025,48031,11449,14322,"Texas","TX",0.25093894663289373,"Blanco County","Blanco County","texas/blanco-county",709,20.200282087447107,143
2025,48093,13630,14308,"Texas","TX",0.049743213499633177,"Comanche County","Comanche County","texas/comanche-county",938,15.253731343283581,144
2025,48353,14721,13998,"Texas","TX",-0.04911351131037289,"Nolan County","Nolan County","texas/nolan-county",912,15.348684210526315,145
2025,48313,13461,13944,"Texas","TX",0.03588143525741039,"Madison County","Madison County","texas/madison-county",466,29.92274678111588,146
2025,48063,12428,13558,"Texas","TX",0.09092372063083354,"Camp County","Camp County","texas/camp-county",196,69.1734693877551,147
2025,48505,13875,13532,"Texas","TX",-0.024720720720720735,"Zapata County","Zapata County","texas/zapata-county",998,13.559118236472946,148
2025,48379,12175,13286,"Texas","TX",0.09125256673511295,"Rains County","Rains County","texas/rains-county",229,58.0174672489083,149
2025,48279,13011,12561,"Texas","TX",-0.03458611943739909,"Lamb County","Lamb County","texas/lamb-county",1016,12.363188976377952,150
2025,48487,12842,12496,"Texas","TX",-0.02694284379380163,"Wilbarger County","Wilbarger County","texas/wilbarger-county",971,12.869207003089599,151
2025,48343,11976,12094,"Texas","TX",0.00985303941215765,"Morris County","Morris County","texas/morris-county",252,47.992063492063494,152
2025,48351,12158,12035,"Texas","TX",-0.01011679552557987,"Newton County","Newton County","texas/newton-county",934,12.88543897216274,153
2025,48389,14768,11926,"Texas","TX",-0.19244312026002164,"Reeves County","Reeves County","texas/reeves-county",2635,4.525996204933587,154
2025,48387,11561,11824,"Texas","TX",0.022748897154225345,"Red River County","Red River County","texas/red-river-county",1044,11.32567049808429,155
2025,48445,11793,11753,"Texas","TX",-0.0033918426185024497,"Terry County","Terry County","texas/terry-county",889,13.220472440944881,156
2025,48297,11349,11670,"Texas","TX",0.028284430346285916,"Live Oak County","Live Oak County","texas/live-oak-county",1040,11.221153846153847,157
2025,48115,12474,11660,"Texas","TX",-0.06525573192239864,"Dawson County","Dawson County","texas/dawson-county",900,12.955555555555556,158
2025,48077,10257,11216,"Texas","TX",0.09349712391537479,"Clay County","Clay County","texas/clay-county",1089,10.299357208448118,159
2025,48475,11674,11002,"Texas","TX",-0.057563817029295916,"Ward County","Ward County","texas/ward-county",836,13.160287081339712,160
2025,48159,10369,10875,"Texas","TX",0.048799305622528655,"Franklin County","Franklin County","texas/franklin-county",284,38.29225352112676,161
2025,48403,9892,10236,"Texas","TX",0.0347755762232107,"Sabine County","Sabine County","texas/sabine-county",492,20.804878048780488,162
2025,48425,9205,10070,"Texas","TX",0.09397066811515487,"Somervell County","Somervell County","texas/somervell-county",186,54.13978494623656,163
2025,48043,9560,9851,"Texas","TX",0.030439330543932996,"Brewster County","Brewster County","texas/brewster-county",6184,1.5929818887451488,164
2025,48399,9919,9836,"Texas","TX",-0.008367779009980869,"Runnels County","Runnels County","texas/runnels-county",1051,9.358705994291151,165
2025,48357,9955,9728,"Texas","TX",-0.022802611752888002,"Ochiltree County","Ochiltree County","texas/ochiltree-county",918,10.596949891067538,166
2025,48315,9752,9613,"Texas","TX",-0.014253486464315013,"Marion County","Marion County","texas/marion-county",381,25.230971128608925,167
2025,48369,9854,9553,"Texas","TX",-0.030545971179216536,"Parmer County","Parmer County","texas/parmer-county",881,10.843359818388196,168
2025,48131,9810,9400,"Texas","TX",-0.041794087665647295,"Duval County","Duval County","texas/duval-county",1793,5.242610150585611,169
2025,48009,8556,9389,"Texas","TX",0.09735857877512855,"Archer County","Archer County","texas/archer-county",903,10.397563676633444,170
2025,48335,9009,9349,"Texas","TX",0.037740037740037646,"Mitchell County","Mitchell County","texas/mitchell-county",911,10.262349066959386,171
2025,48429,9093,9275,"Texas","TX",0.02001539645881456,"Stephens County","Stephens County","texas/stephens-county",897,10.340022296544035,172
2025,48193,8248,9231,"Texas","TX",0.11918040737148394,"Hamilton County","Hamilton County","texas/hamilton-county",836,11.041866028708133,173
2025,48507,9661,9168,"Texas","TX",-0.05102991408756863,"Zavala County","Zavala County","texas/zavala-county",1297,7.068619892058597,174
2025,48237,8487,9097,"Texas","TX",0.07187463178979625,"Jack County","Jack County","texas/jack-county",911,9.985729967069155,175
2025,48127,8579,8051,"Texas","TX",-0.0615456346893577,"Dimmit County","Dimmit County","texas/dimmit-county",1329,6.057938299473288,176
2025,48083,7688,7882,"Texas","TX",0.02523413111342343,"Coleman County","Coleman County","texas/coleman-county",1263,6.240696753760886,177
2025,48405,7921,7779,"Texas","TX",-0.017927029415477858,"San Augustine County","San Augustine County","texas/san-augustine-county",531,14.649717514124294,178
2025,48495,7754,7642,"Texas","TX",-0.014444157854010875,"Winkler County","Winkler County","texas/winkler-county",841,9.086801426872771,179
2025,48501,7675,7436,"Texas","TX",-0.031140065146579854,"Yoakum County","Yoakum County","texas/yoakum-county",800,9.295,180
2025,48307,7588,7420,"Texas","TX",-0.022140221402214055,"McCulloch County","McCulloch County","texas/mcculloch-county",1066,6.960600375234522,181
2025,48111,7127,7241,"Texas","TX",0.01599551003227173,"Dallam County","Dallam County","texas/dallam-county",1503,4.817697937458417,182
2025,48175,7020,7192,"Texas","TX",0.024501424501424562,"Goliad County","Goliad County","texas/goliad-county",852,8.44131455399061,183
2025,48069,7334,7107,"Texas","TX",-0.030951731660758153,"Castro County","Castro County","texas/castro-county",894,7.949664429530201,184
2025,48437,6946,6947,"Texas","TX",0.000143967751223828,"Swisher County","Swisher County","texas/swisher-county",890,7.80561797752809,185
2025,48047,7048,6740,"Texas","TX",-0.043700340522133896,"Brooks County","Brooks County","texas/brooks-county",943,7.1474019088016965,186
2025,48391,6748,6722,"Texas","TX",-0.0038529934795494825,"Refugio County","Refugio County","texas/refugio-county",770,8.72987012987013,187
2025,48075,6661,6682,"Texas","TX",0.003152679777811196,"Childress County","Childress County","texas/childress-county",697,9.586800573888091,188
2025,48283,6663,6499,"Texas","TX",-0.024613537445595024,"La Salle County","La Salle County","texas/la-salle-county",1487,4.370544720914594,189
2025,48017,6866,6410,"Texas","TX",-0.06641421497232736,"Bailey County","Bailey County","texas/bailey-county",827,7.750906892382104,190
2025,48065,5792,6002,"Texas","TX",0.036256906077348106,"Carson County","Carson County","texas/carson-county",920,6.523913043478261,191
2025,48305,5609,5807,"Texas","TX",0.035300410055268294,"Lynn County","Lynn County","texas/lynn-county",892,6.510089686098655,192
2025,48411,5727,5775,"Texas","TX",0.00838135149292829,"San Saba County","San Saba County","texas/san-saba-county",1135,5.0881057268722465,193
2025,48119,5228,5734,"Texas","TX",0.09678653404743698,"Delta County","Delta County","texas/delta-county",257,22.311284046692606,194
2025,48377,6108,5477,"Texas","TX",-0.10330713817943682,"Presidio County","Presidio County","texas/presidio-county",3855,1.4207522697795072,195
2025,48207,5433,5403,"Texas","TX",-0.005521811154058476,"Haskell County","Haskell County","texas/haskell-county",903,5.983388704318937,196
2025,48317,5252,5192,"Texas","TX",-0.011424219345011477,"Martin County","Martin County","texas/martin-county",915,5.67431693989071,197
2025,48195,5252,4991,"Texas","TX",-0.04969535415079973,"Hansford County","Hansford County","texas/hansford-county",920,5.425,198
2025,48205,5349,4979,"Texas","TX",-0.0691718078145448,"Hartley County","Hartley County","texas/hartley-county",1462,3.405608755129959,199
2025,48483,4977,4838,"Texas","TX",-0.027928470966445684,"Wheeler County","Wheeler County","texas/wheeler-county",915,5.287431693989071,200
2025,48153,5370,4792,"Texas","TX",-0.10763500931098702,"Floyd County","Floyd County","texas/floyd-county",992,4.830645161290323,201
2025,48107,5098,4767,"Texas","TX",-0.06492742251863481,"Crosby County","Crosby County","texas/crosby-county",900,5.296666666666667,202
2025,48333,4446,4648,"Texas","TX",0.04543409806567711,"Mills County","Mills County","texas/mills-county",748,6.213903743315508,203
2025,48103,4675,4620,"Texas","TX",-0.0117647058823529,"Crane County","Crane County","texas/crane-county",785,5.885350318471337,204
2025,48247,4846,4612,"Texas","TX",-0.048287247214197304,"Jim Hogg County","Jim Hogg County","texas/jim-hogg-county",1136,4.059859154929577,205
2025,48169,5817,4555,"Texas","TX",-0.21695031803335052,"Garza County","Garza County","texas/garza-county",893,5.100783874580067,206
2025,48267,4293,4486,"Texas","TX",0.0449569065921267,"Kimble County","Kimble County","texas/kimble-county",1251,3.5859312549960034,207
2025,48319,3968,3837,"Texas","TX",-0.033014112903225756,"Mason County","Mason County","texas/mason-county",929,4.130247578040904,208
2025,48151,3678,3584,"Texas","TX",-0.025557368134855873,"Fisher County","Fisher County","texas/fisher-county",899,3.986651835372636,209
2025,48229,3196,3521,"Texas","TX",0.1016896120150188,"Hudspeth County","Hudspeth County","texas/hudspeth-county",4571,0.7702909647779479,210
2025,48023,3463,3465,"Texas","TX",0.0005775339301183902,"Baylor County","Baylor County","texas/baylor-county",867,3.9965397923875434,211
2025,48197,3558,3420,"Texas","TX",-0.038785834738617186,"Hardeman County","Hardeman County","texas/hardeman-county",695,4.920863309352518,212
2025,48081,3300,3412,"Texas","TX",0.033939393939393936,"Coke County","Coke County","texas/coke-county",912,3.741228070175439,213
2025,48275,3347,3338,"Texas","TX",-0.002688975201673105,"Knox County","Knox County","texas/knox-county",851,3.9224441833137487,214
2025,48417,3110,3263,"Texas","TX",0.049196141479099786,"Shackelford County","Shackelford County","texas/shackelford-county",914,3.5700218818380742,215
2025,48435,3356,3199,"Texas","TX",-0.046781883194278895,"Sutton County","Sutton County","texas/sutton-county",1454,2.200137551581843,216
2025,48271,3126,3182,"Texas","TX",0.01791426743442104,"Kinney County","Kinney County","texas/kinney-county",1361,2.337986774430566,217
2025,48383,3380,3181,"Texas","TX",-0.05887573964497039,"Reagan County","Reagan County","texas/reagan-county",1175,2.7072340425531913,218
2025,48095,3318,3157,"Texas","TX",-0.048523206751054815,"Concho County","Concho County","texas/concho-county",984,3.2083333333333335,219
2025,48211,3365,3117,"Texas","TX",-0.07369985141158986,"Hemphill County","Hemphill County","texas/hemphill-county",906,3.4403973509933774,220
2025,48129,3279,3064,"Texas","TX",-0.06556877096675817,"Donley County","Donley County","texas/donley-county",927,3.3052858683926645,221
2025,48461,3299,3035,"Texas","TX",-0.08002424977265843,"Upton County","Upton County","texas/upton-county",1241,2.4456083803384367,222
2025,48295,3031,3026,"Texas","TX",-0.0016496205872649217,"Lipscomb County","Lipscomb County","texas/lipscomb-county",932,3.2467811158798283,223
2025,48385,2751,2898,"Texas","TX",0.05343511450381677,"Real County","Real County","texas/real-county",699,4.145922746781116,224
2025,48191,2795,2818,"Texas","TX",0.008228980322003476,"Hall County","Hall County","texas/hall-county",883,3.191392978482446,225
2025,48105,3093,2654,"Texas","TX",-0.14193339799547366,"Crockett County","Crockett County","texas/crockett-county",2807,0.9454934093338083,226
2025,48087,2640,2519,"Texas","TX",-0.04583333333333328,"Collingsworth County","Collingsworth County","texas/collingsworth-county",918,2.74400871459695,227
2025,48079,2561,2483,"Texas","TX",-0.030456852791878153,"Cochran County","Cochran County","texas/cochran-county",775,3.2038709677419357,228
2025,48421,2789,2478,"Texas","TX",-0.1115095016134815,"Sherman County","Sherman County","texas/sherman-county",923,2.684723726977248,229
2025,48413,2439,2455,"Texas","TX",0.006560065600655918,"Schleicher County","Schleicher County","texas/schleicher-county",1311,1.8726163234172388,230
2025,48109,2186,2262,"Texas","TX",0.034766697163769456,"Culberson County","Culberson County","texas/culberson-county",3812,0.593389296956978,231
2025,48327,1960,1916,"Texas","TX",-0.022448979591836782,"Menard County","Menard County","texas/menard-county",902,2.1241685144124167,232
2025,48359,1763,1827,"Texas","TX",0.03630175836642091,"Oldham County","Oldham County","texas/oldham-county",1501,1.2171885409726848,233
2025,48011,1852,1782,"Texas","TX",-0.03779697624190059,"Armstrong County","Armstrong County","texas/armstrong-county",909,1.9603960396039604,234
2025,48243,1984,1756,"Texas","TX",-0.11491935483870963,"Jeff Davis County","Jeff Davis County","texas/jeff-davis-county",2265,0.7752759381898455,235
2025,48125,1758,1661,"Texas","TX",-0.05517633674630262,"Dickens County","Dickens County","texas/dickens-county",902,1.8414634146341464,236
2025,48235,1510,1579,"Texas","TX",0.045695364238410585,"Irion County","Irion County","texas/irion-county",1052,1.5009505703422052,237
2025,48447,1451,1500,"Texas","TX",0.03376981392143352,"Throckmorton County","Throckmorton County","texas/throckmorton-county",913,1.642935377875137,238
2025,48045,1419,1457,"Texas","TX",0.026779422128259345,"Briscoe County","Briscoe County","texas/briscoe-county",900,1.6188888888888888,239
2025,48431,1382,1339,"Texas","TX",-0.03111432706222861,"Sterling County","Sterling County","texas/sterling-county",923,1.4507042253521127,240
2025,48137,1420,1323,"Texas","TX",-0.0683098591549296,"Edwards County","Edwards County","texas/edwards-county",2118,0.6246458923512748,241
2025,48101,1365,1248,"Texas","TX",-0.08571428571428574,"Cottle County","Cottle County","texas/cottle-county",901,1.3851276359600444,242
2025,48433,1243,1218,"Texas","TX",-0.02011263073209979,"Stonewall County","Stonewall County","texas/stonewall-county",916,1.3296943231441047,243
2025,48173,1115,1145,"Texas","TX",0.026905829596412634,"Glasscock County","Glasscock County","texas/glasscock-county",900,1.2722222222222221,244
2025,48155,1088,1111,"Texas","TX",0.021139705882353033,"Foard County","Foard County","texas/foard-county",704,1.578125,245
2025,48345,1061,992,"Texas","TX",-0.06503298774740807,"Motley County","Motley County","texas/motley-county",990,1.002020202020202,246
2025,48393,822,896,"Texas","TX",0.09002433090024331,"Roberts County","Roberts County","texas/roberts-county",924,0.9696969696969697,247
2025,48263,763,714,"Texas","TX",-0.06422018348623848,"Kent County","Kent County","texas/kent-county",903,0.7906976744186046,248
2025,48443,750,685,"Texas","TX",-0.08666666666666667,"Terrell County","Terrell County","texas/terrell-county",2358,0.29050042408821036,249
2025,48311,597,566,"Texas","TX",-0.051926298157453976,"McMullen County","McMullen County","texas/mcmullen-county",1140,0.4964912280701754,250
2025,48033,642,556,"Texas","TX",-0.1339563862928349,"Borden County","Borden County","texas/borden-county",897,0.6198439241917503,251
2025,48261,348,321,"Texas","TX",-0.07758620689655171,"Kenedy County","Kenedy County","texas/kenedy-county",1459,0.22001370801919123,252
2025,48269,267,183,"Texas","TX",-0.3146067415730337,"King County","King County","texas/king-county",911,0.20087815587266739,253
2025,48301,65,41,"Texas","TX",-0.36923076923076925,"Loving County","Loving County","texas/loving-county",669,0.061285500747384154,254